{
   "dashboards": [{
      "autoswitchEnabled": false,
      "columnCount": 1,
      "columnProportion": "1",
      "creationTime": 1678879697361,
      "dashboardNavigations": {},
      "description": "",
      "disabled": false,
      "gridsterMaxColumns": 12,
      "hidden": false,
      "homeTab": false,
      "id": "dfa0e490-1371-4e75-b3be-cb526158448c",
      "importAttempts": 0,
      "importComplete": true,
      "lastUpdateTime": 1678885805581,
      "lastUpdateUserId": "287ed085-c6ca-4255-b69c-956f1665ed51",
      "locked": false,
      "name": "Microsoft SQL Server Summary v2",
      "namePath": "Custom Dashboards",
      "rank": 0,
      "shared": false,
      "states": [{
         "key": "permDashboardTime_dashboard_dfa0e490-1371-4e75-b3be-cb526158448c",
         "value": "o%3AdateRange%3Ds%253Alast24Hour%5EdateRangeText%3Ds%253A24H"
      }],
      "temporary": false,
      "userId": "287ed085-c6ca-4255-b69c-956f1665ed51",
      "widgetInteractions": [
         {
            "type": "resourceId",
            "widgetIdProvider": "d5666c45-add0-4912-9eb8-64ec1e101ae6",
            "widgetIdReceiver": "f2d7c026-4c39-45b7-b447-0242271b56ce"
         },
         {
            "type": "resourceId",
            "widgetIdProvider": "d5666c45-add0-4912-9eb8-64ec1e101ae6",
            "widgetIdReceiver": "65940807-867e-4c03-8bc2-b2bb678d238a"
         },
         {
            "type": "resourceId",
            "widgetIdProvider": "d5666c45-add0-4912-9eb8-64ec1e101ae6",
            "widgetIdReceiver": "48430125-6800-430e-94e1-9bc0f0ce2820"
         },
         {
            "type": "resourceId",
            "widgetIdProvider": "d5666c45-add0-4912-9eb8-64ec1e101ae6",
            "widgetIdReceiver": "705562dc-08c8-4cc9-9103-dd5234e4fcca"
         },
         {
            "type": "resourceId",
            "widgetIdProvider": "d5666c45-add0-4912-9eb8-64ec1e101ae6",
            "widgetIdReceiver": "a1b9545e-c687-4234-8775-ede0636ad1e0"
         },
         {
            "type": "resourceId",
            "widgetIdProvider": "d5666c45-add0-4912-9eb8-64ec1e101ae6",
            "widgetIdReceiver": "e71ea35b-2201-47ec-a21e-2fea43893880"
         },
         {
            "type": "resourceId",
            "widgetIdProvider": "d5666c45-add0-4912-9eb8-64ec1e101ae6",
            "widgetIdReceiver": "90d98062-fa7a-49d3-a8cb-15616854327b"
         }
      ],
      "widgets": [
         {
            "collapsed": false,
            "config": {
               "autoZoom": {"autoSize": false},
               "customFilter": {
                  "excludedResources": null,
                  "filter": [],
                  "includedResources": null
               },
               "filterMode": "customFilter",
               "nodeSize": null,
               "refreshContent": {"refreshContent": true},
               "refreshInterval": 300,
               "resourceId": null,
               "resourceName": null,
               "selfProvider": {"selfProvider": false},
               "tagFilter": null,
               "title": "Object Relationship (for selected Instance)"
            },
            "gridsterCoords": {
               "h": 6,
               "w": 12,
               "x": 1,
               "y": 6
            },
            "height": 324,
            "id": "f2d7c026-4c39-45b7-b447-0242271b56ce",
            "states": [
               {
                  "key": "permResourceRelationship_widget_dfa0e490-1371-4e75-b3be-cb526158448c_f2d7c026-4c39-45b7-b447-0242271b56ce",
                  "value": "o%3A"
               },
               {
                  "key": "perm_toolbarVisible_widget_dfa0e490-1371-4e75-b3be-cb526158448c_f2d7c026-4c39-45b7-b447-0242271b56ce",
                  "value": "b%3A1"
               }
            ],
            "title": "Object Relationship (for selected Instance)",
            "type": "ResourceRelationship"
         },
         {
            "collapsed": false,
            "config": {
               "chartViewItems": [],
               "isUpdatedView": true,
               "refreshContent": {"refreshContent": true},
               "refreshInterval": 300,
               "resource": {
                  "id": "Ext.vcops.chrome.model.Resource-12",
                  "resourceId": "resource:id:0_::_",
                  "resourceKindId": "002006VMWAREvSphere World",
                  "resourceName": "vSphere World",
                  "traversalSpecId": ""
               },
               "selectFirstRow": {"selectFirstRow": true},
               "selfProvider": {"selfProvider": true},
               "title": "Microsoft SQL Server Instances",
               "traversalSpecId": null,
               "viewDefinitionId": "208ee50c-9bfe-417a-b799-4c72d86f2407"
            },
            "gridsterCoords": {
               "h": 5,
               "w": 12,
               "x": 1,
               "y": 1
            },
            "height": 267,
            "id": "d5666c45-add0-4912-9eb8-64ec1e101ae6",
            "states": [
               {
                  "key": "perm_isDashboardTime_widget_dfa0e490-1371-4e75-b3be-cb526158448c_d5666c45-add0-4912-9eb8-64ec1e101ae6",
                  "value": "b%3A0"
               },
               {
                  "key": "permSelectedDate_widget_dfa0e490-1371-4e75-b3be-cb526158448c_d5666c45-add0-4912-9eb8-64ec1e101ae6",
                  "value": "s%3A%7B%22minType%22%3A%22.TimeIntervalControl%22%2C%22advancedTimeMode%22%3Afalse%2C%22fromTime%22%3Anull%2C%22unit%22%3A%22DAYS%22%2C%22count%22%3A7%2C%22priorUnit%22%3Anull%2C%22priorCount%22%3Anull%2C%22startSubUnit%22%3Anull%2C%22startPeriod%22%3Anull%2C%22toTime%22%3Anull%2C%22endUnit%22%3Anull%2C%22endCount%22%3Anull%2C%22endSubUnit%22%3Anull%2C%22endPeriod%22%3Anull%2C%22isRealTimeData%22%3Anull%2C%22mondayHours%22%3A%5B%5D%2C%22tuesdayHours%22%3A%5B%5D%2C%22wednesdayHours%22%3A%5B%5D%2C%22thursdayHours%22%3A%5B%5D%2C%22fridayHours%22%3A%5B%5D%2C%22saturdayHours%22%3A%5B%5D%2C%22sundayHours%22%3A%5B%5D%7D"
               }
            ],
            "title": "Microsoft SQL Server Instances",
            "type": "View"
         },
         {
            "collapsed": false,
            "config": {
               "chartViewItems": [],
               "isUpdatedView": true,
               "refreshContent": {"refreshContent": true},
               "refreshInterval": 300,
               "resource": null,
               "selectFirstRow": {"selectFirstRow": true},
               "selfProvider": {"selfProvider": false},
               "title": "Databases (for selected Instance)",
               "traversalSpecId": "",
               "viewDefinitionId": "74e575b8-a03c-471e-a433-7acd4fdf389b"
            },
            "gridsterCoords": {
               "h": 5,
               "w": 6,
               "x": 7,
               "y": 18
            },
            "height": 267,
            "id": "65940807-867e-4c03-8bc2-b2bb678d238a",
            "states": [
               {
                  "key": "perm_toolbarVisible_widget_dfa0e490-1371-4e75-b3be-cb526158448c_65940807-867e-4c03-8bc2-b2bb678d238a",
                  "value": "b%3A0"
               },
               {
                  "key": "perm_isDashboardTime_widget_dfa0e490-1371-4e75-b3be-cb526158448c_65940807-867e-4c03-8bc2-b2bb678d238a",
                  "value": "b%3A0"
               }
            ],
            "title": "Databases (for selected Instance)",
            "type": "View"
         },
         {
            "collapsed": false,
            "config": {
               "chartViewItems": [],
               "isUpdatedView": true,
               "refreshContent": {"refreshContent": true},
               "refreshInterval": 300,
               "resource": null,
               "selectFirstRow": {"selectFirstRow": true},
               "selfProvider": {"selfProvider": false},
               "title": "Queries (for selected Instance)",
               "traversalSpecId": "",
               "viewDefinitionId": "a19e7e02-0dfb-4f85-aec4-14dd64734158"
            },
            "gridsterCoords": {
               "h": 5,
               "w": 6,
               "x": 1,
               "y": 18
            },
            "height": 267,
            "id": "48430125-6800-430e-94e1-9bc0f0ce2820",
            "states": [{
               "key": "perm_isDashboardTime_widget_dfa0e490-1371-4e75-b3be-cb526158448c_48430125-6800-430e-94e1-9bc0f0ce2820",
               "value": "b%3A0"
            }],
            "title": "Queries (for selected Instance)",
            "type": "View"
         },
         {
            "collapsed": false,
            "config": {
               "additionalColumns": [],
               "barsCount": 15,
               "customFilter": {
                  "excludedResources": null,
                  "filter": [],
                  "includedResources": null
               },
               "depth": 1,
               "filterMode": "tagPicker",
               "filterOldMetrics": {"filterOldMetrics": false},
               "maxValue": null,
               "metric": {
                  "metricKey": "general|last_execution",
                  "name": "General|Last Execution (μs)"
               },
               "metricName": "",
               "metricUnit": {
                  "metricUnitId": "milliseconds",
                  "metricUnitName": "ms"
               },
               "mode": "all",
               "orangeBound": 2,
               "percentileValue": null,
               "redBound": 3,
               "refreshContent": {"refreshContent": true},
               "refreshInterval": 300,
               "regenerationTime": 15,
               "relationshipMode": {"relationshipMode": -1},
               "resource": [],
               "resourceKind": [{"id": "resourceKind:id:0_::_"}],
               "roundDecimals": 1,
               "selfProvider": {"selfProvider": false},
               "tagFilter": null,
               "title": "Slowest Running Queries (for selected Instance)",
               "topOption": "metricsHighestUtilization",
               "yellowBound": 1
            },
            "gridsterCoords": {
               "h": 6,
               "w": 3,
               "x": 1,
               "y": 12
            },
            "height": 323,
            "id": "705562dc-08c8-4cc9-9103-dd5234e4fcca",
            "title": "Slowest Running Queries (for selected Instance)",
            "type": "ParetoAnalysis"
         },
         {
            "collapsed": false,
            "config": {
               "additionalColumns": [],
               "barsCount": 15,
               "customFilter": {
                  "excludedResources": null,
                  "filter": [],
                  "includedResources": null
               },
               "depth": 1,
               "filterMode": "tagPicker",
               "filterOldMetrics": {"filterOldMetrics": false},
               "maxValue": null,
               "metric": {
                  "metricKey": "performance|transactions",
                  "name": "Performance|Transactions (per second)"
               },
               "metricName": "",
               "metricUnit": {
                  "metricUnitId": "persec",
                  "metricUnitName": "per second"
               },
               "mode": "all",
               "orangeBound": 2,
               "percentileValue": null,
               "redBound": 3,
               "refreshContent": {"refreshContent": true},
               "refreshInterval": 300,
               "regenerationTime": 15,
               "relationshipMode": {"relationshipMode": -1},
               "resource": [],
               "resourceKind": [{"id": "resourceKind:id:1_::_"}],
               "roundDecimals": 1,
               "selfProvider": {"selfProvider": false},
               "tagFilter": null,
               "title": "Database Transactions (for selected Instance)",
               "topOption": "metricsHighestUtilization",
               "yellowBound": 1
            },
            "gridsterCoords": {
               "h": 6,
               "w": 3,
               "x": 7,
               "y": 12
            },
            "height": 324,
            "id": "a1b9545e-c687-4234-8775-ede0636ad1e0",
            "title": "Database Transactions (for selected Instance)",
            "type": "ParetoAnalysis"
         },
         {
            "collapsed": false,
            "config": {
               "additionalColumns": [],
               "barsCount": 15,
               "customFilter": {
                  "excludedResources": null,
                  "filter": [],
                  "includedResources": null
               },
               "depth": 1,
               "filterMode": "tagPicker",
               "filterOldMetrics": {"filterOldMetrics": false},
               "metric": {
                  "metricKey": "general|execution_count_counter",
                  "name": "General|Execution Count Counter"
               },
               "metricName": "",
               "metricUnit": {
                  "metricUnitId": -1,
                  "metricUnitName": "Auto"
               },
               "mode": "all",
               "orangeBound": 120,
               "percentileValue": null,
               "redBound": 300,
               "refreshContent": {"refreshContent": true},
               "refreshInterval": 300,
               "regenerationTime": 15,
               "relationshipMode": {"relationshipMode": -1},
               "resource": [],
               "resourceKind": [{"id": "resourceKind:id:0_::_"}],
               "roundDecimals": 1,
               "selfProvider": {"selfProvider": false},
               "tagFilter": null,
               "title": "Query Executions (for selected Instance)",
               "topOption": "metricsHighestUtilization",
               "yellowBound": 60
            },
            "gridsterCoords": {
               "h": 6,
               "w": 3,
               "x": 4,
               "y": 12
            },
            "height": 324,
            "id": "e71ea35b-2201-47ec-a21e-2fea43893880",
            "title": "Query Executions (for selected Instance)",
            "type": "ParetoAnalysis"
         },
         {
            "collapsed": false,
            "config": {
               "additionalColumns": [],
               "barsCount": 15,
               "customFilter": {
                  "excludedResources": null,
                  "filter": [],
                  "includedResources": null
               },
               "depth": 1,
               "filterMode": "tagPicker",
               "filterOldMetrics": {"filterOldMetrics": false},
               "metric": {
                  "metricKey": "disk_access|iops",
                  "name": "Disk Access|IOPS (operations/s)"
               },
               "metricName": "",
               "metricUnit": {
                  "metricUnitId": -1,
                  "metricUnitName": "Auto"
               },
               "mode": "all",
               "orangeBound": 2,
               "percentileValue": null,
               "redBound": 3,
               "refreshContent": {"refreshContent": true},
               "refreshInterval": 300,
               "regenerationTime": 15,
               "relationshipMode": {"relationshipMode": [
                  -1,
                  0
               ]},
               "resource": [],
               "resourceKind": [{"id": "resourceKind:id:1_::_"}],
               "roundDecimals": 1,
               "selfProvider": {"selfProvider": false},
               "tagFilter": null,
               "title": "Database Disk IOPS",
               "topOption": "metricsHighestUtilization",
               "yellowBound": 1
            },
            "gridsterCoords": {
               "h": 6,
               "w": 3,
               "x": 10,
               "y": 12
            },
            "height": 323,
            "id": "90d98062-fa7a-49d3-a8cb-15616854327b",
            "title": "Database Disk IOPS",
            "type": "ParetoAnalysis"
         }
      ]
   }],
   "entries": {
      "resource": [{
         "adapterKindKey": "VMWARE",
         "identifiers": [],
         "internalId": "resource:id:0_::_",
         "name": "vSphere World",
         "resourceKindKey": "vSphere World"
      }],
      "resourceKind": [
         {
            "adapterKindKey": "SqlServerAdapter",
            "internalId": "resourceKind:id:1_::_",
            "resourceKindKey": "SqlDatabase"
         },
         {
            "adapterKindKey": "SqlServerAdapter",
            "internalId": "resourceKind:id:0_::_",
            "resourceKindKey": "SqlQuery"
         }
      ]
   },
   "uuid": "87662a56-35fd-4691-9aa3-ee833fe7f534"
}